SMILES,predict,Clint,MW_range,PSA_range,NRB_range,HBA_range,HBD_range,LogP_range
CN1CCN(CC1)C2=CC=CC=C2/C=C\3/C(=O)N(CCS3)C4=CC(=C(C=C4)Cl)Cl,3.117212607158636,4.001584511406435,400-500,<50,3-5,3-5,<1,>=4
CC1=NC(=NC(=N1)OC)NC(=O)NS(=O)(=O)C2=CC=CC=C2C(=O)OC,2.9255535664530523,1.9315549907495728,300-400,100-150,5-7,7-10,1-3,0-1
C1=CC(=C(C=C1O)O)C(=O)C2=C(C=C(C=C2)O)O,3.9960600553564505,3.909029730045853,200-300,75-100,<3,5-7,3-5,1-2
COc1ccc(-c2cc(O)nc(=S)n2CCN)c(OC)c1,2.0145167440985765,2.1256653202590465,300-400,75-100,5-7,7-10,1-3,1-2
COc1ccc2c(c1)CC(C)N(CC(C)C)C2c1ccc(C=CC(=O)O)cc1,2.863944734811082,4.966201228338529,300-400,<50,5-7,3-5,1-3,>=4
COP(=S)(OC)SCN1C(=O)c2ccccc2C1=O,3.640583001608245,4.120746704603301,300-400,50-75,5-7,5-7,<1,2-3
O=C(CCCN1CCC(O)(c2ccc(Cl)cc2)CC1)c1ccc(F)cc1,3.7781805034346405,2.630394674066566,300-400,<50,5-7,3-5,1-3,>=4
COC(=O)N1CCN(C2CCC(Nc3ncnn4ccc(C(C)CC(N)=O)c34)CC2)CC1,1.4405716513186084,2.155580485727476,400-500,100-150,5-7,7-10,1-3,1-2
CCCCOC1=CC=C(C=C1)N,3.6733971444476055,4.293989094995731,<200,<50,3-5,1-3,1-3,2-3
CCC1=CC=CC2=C1OC(=C2)C(CNC(C)(C)C)O,3.094310227177965,3.7184368000437407,200-300,<50,3-5,3-5,1-3,3-4
CC\1=C(C2=C(/C1=C\C3=CC=C(C=C3)S(=O)C)C=CC(=C2)F)CC(=O)O,3.028219532854586,1.8064181702367141,300-400,50-75,3-5,1-3,1-3,>=4
CCN(CC)C(=O)c1cccc(C)c1,3.212320033509835,2.3665647486203745,<200,<50,3-5,1-3,<1,2-3
CCNC1=NC(=NC(=N1)Cl)NC(C)C,3.123891681885589,2.821233560373706,200-300,50-75,3-5,5-7,1-3,1-2
CCc1ccc(C(=O)NN(C(=O)c2cc(C)cc(C)c2)C(C)(C)C)cc1,3.3683543793432293,4.060310587985835,300-400,<50,3-5,1-3,1-3,>=4
COC1=CC(=C(C=C1Cl)OC)Cl,4.894828989518062,2.8362668362238797,200-300,<50,<3,1-3,<1,3-4
CCOC1=CC2=CC=CC=C2OC1=O,3.4578787972801552,4.206955728268953,<200,<50,<3,3-5,<1,2-3
C1=CC=C2C(=C1)C3=CC=CC4=C3C2=CC=C4,3.2221516140927546,3.0688542512034256,200-300,<50,<3,<1,<1,>=4
CCCC(=NOCC)C1C(=O)CC(CC(C)SCC)CC1=O,2.982230099687963,3.440445049580359,300-400,50-75,7-10,5-7,<1,3-4
CN(C)C(=O)C(CCN1CCC(O)(c2ccc(Cl)cc2)CC1)(c1ccccc1)c1ccccc1,3.100680545720843,3.5866069434349686,400-500,<50,7-10,3-5,1-3,>=4
CCCCCCCCC,2.222636552951505,2.399200311773536,<200,<50,5-7,<1,<1,3-4
CN=C(O)c1nnc2ccc(-c3ccc(OCCCN(C)C)nc3)cc2c1N[C@@H](C)C1CCOCC1,2.289430928378308,2.436384074813386,400-500,100-150,>=10,7-10,1-3,>=4
C1CN(CC2=C1SC=C2)CC3=CC=CC=C3Cl,3.2734940305024356,4.970271451552798,200-300,<50,<3,1-3,<1,3-4
CN1CCCC1=O,1.9765892578041497,0.42492050519227037,<200,<50,<3,1-3,<1,0-1
c1ccc2c(c1)-c1cccc3c1c-2cc1ccccc13,3.015494859660839,2.7184285063678635,200-300,<50,<3,<1,<1,>=4
CCC(C)NC1=NC(=NC(=N1)NCC)OC,3.224760621988975,2.8687098799308086,200-300,50-75,5-7,5-7,1-3,1-2
COC(=O)c1c(Cl)c(Cl)c(C(=O)OC)c(Cl)c1Cl,3.1106942597989513,4.597751394682993,300-400,50-75,<3,3-5,<1,3-4
C(C(=O)O)OC1=NC(=C(C(=C1Cl)N)Cl)F,1.266070347772836,1.7150298353152098,200-300,75-100,3-5,3-5,1-3,1-2
O=c1[nH]c2ccccc2n1CCCN1CCC(n2c(=O)[nH]c3cc(Cl)ccc32)CC1,2.926451353970671,3.9028862723145594,400-500,75-100,5-7,5-7,1-3,3-4
C(F)(F)(Cl)Cl,3.3923216234840177,0.4960254312430792,<200,<50,<3,<1,<1,2-3
Cc1cc(C)nc(Nc2ccccc2)n1,4.175697378340256,4.724457218962176,<200,<50,<3,3-5,1-3,2-3
C[C@@H]1Cc2cc(O)ccc2[C@@H](c2c(F)cc(/C=C/C(=O)O)cc2F)N1CC(C)(C)F,3.274097030241487,5.295590652439659,400-500,50-75,5-7,3-5,1-3,>=4
C[C@@H](CN1[C@H](C)Cc2c([nH]c3ccccc23)[C@H]1c1ccc(Cl)cc1)C(=O)O,3.7286075393278195,4.086293909171261,300-400,50-75,3-5,1-3,1-3,>=4
CC(C)CC1=C(C(=NC(=C1C(=O)OC)C(F)F)C(F)(F)F)C2=NCCS2,2.7733269716794315,4.668975156893465,300-400,50-75,5-7,5-7,<1,>=4
C1=CC=C(C(=C1)C(C2=CC=C(C=C2)Cl)(C3=CN=CN=C3)O)Cl,2.7437342696842566,2.364414485253622,300-400,<50,3-5,3-5,1-3,>=4
C=CC(=O)Nc1cc(Nc2ncc(C#N)c(-c3cn(C)c4ccccc34)n2)c(OC)cc1N(C)CCN(C)C,3.3409265987938537,3.2749914729946883,500-600,100-150,>=10,7-10,1-3,>=4
CCc1nn(C2CCCC2)c2c1CCn1c(-c3cccs3)nnc1-2,2.4516859312669994,2.7890647440831073,300-400,<50,3-5,5-7,<1,>=4
COc1cccc(C(O)C2CCN(CCc3ccc(F)cc3)CC2)c1OC,2.961933099446238,2.7014991363254537,300-400,<50,7-10,3-5,1-3,3-4
COC(=O)c1cccc(C)c1S(=O)(=O)NC(=O)Nc1nc(OCC(F)(F)F)nc(N(C)C)n1,2.5788178320267257,3.6327328488112802,400-500,>=150,7-10,>=10,1-3,1-2
CC(C)c1cc(C(=O)N2Cc3ccc(CN4CCN(C)CC4)cc3C2)c(O)cc1O,3.0827331401301987,4.104928223832134,400-500,50-75,3-5,5-7,1-3,3-4
C[C@]12CCC(=O)C[C@@H]1CC[C@@H]3[C@@H]2CC[C@]4([C@H]3CC[C@@H]4O)C,3.811492429452087,5.197844940247645,200-300,<50,<3,1-3,1-3,3-4
CCC(C)(C)c1cc(O)c(C(C)(C)CC)cc1O,3.108390742745259,3.4013647009968278,200-300,<50,3-5,1-3,1-3,>=4
CCNc1nc(NC(C)CC)nc(OC)n1,2.5266509168763744,2.8687098799308086,200-300,50-75,5-7,5-7,1-3,1-2
CN(C)C(=O)[C@@H]1C[C@H](CN1[C@]2(C3=C(C=CC(=C3)Cl)N(C2=O)S(=O)(=O)C4=C(C=C(C=C4)OC)OC)C5=CC=CC=C5OC)O,2.388205514694887,4.508811146322521,>=600,100-150,7-10,7-10,1-3,2-3
c1ccc2c(c1)-c1cccc3cccc-2c13,2.8331873943307353,3.0688542512034256,200-300,<50,<3,<1,<1,>=4
O=C(NCC(O)CN1CCC(Oc2ccc(Cl)c(Cl)c2)CC1)c1c[nH]c(=O)c2ccccc12,3.1201546798926714,2.4138759891326176,400-500,75-100,7-10,5-7,3-5,3-4
C[C@@H](Nc1cc(F)cc(F)c1)c1cc(C(=O)N(C)C)cc2c(=O)cc(N3CCOCC3)oc12,2.9052603757764652,2.4138759891326176,400-500,75-100,5-7,5-7,1-3,3-4
CN(C)C(=O)C(CCN1CCC(CC1)(C2=CC=C(C=C2)Cl)O)(C3=CC=CC=C3)C4=CC=CC=C4,3.156594440296617,3.5866069434349686,400-500,<50,7-10,3-5,1-3,>=4
COP(=O)(OC)C(O)C(Cl)(Cl)Cl,2.687711711798106,4.402494604306242,200-300,50-75,3-5,3-5,1-3,2-3
CC(=CC(O)OC)O[P+](O)(OC)OC,2.7995514738686604,2.5617295641011073,200-300,75-100,5-7,5-7,1-3,0-1
CN1CCN(C2=Nc3cc(Cl)ccc3Nc3ccccc32)CC1,2.7062793508748566,3.1266297423195604,300-400,<50,<3,3-5,1-3,3-4
CCS(=O)(=O)c1ccc2oc(-c3ccc4ccccc4c3)nc2c1,2.506890521095574,2.0630085059282193,300-400,50-75,3-5,3-5,<1,>=4
CC(C)N(C1=CC=CC=C1)C(=O)CCl,4.117292028163961,5.18367899998282,200-300,<50,3-5,1-3,<1,2-3
C[C@H](Nc1c(C(=N)O)nnc2ccc(-c3ccc(OCCCN(C)C)nc3)cc12)C1CCOCC1,2.624926812975549,2.094827567388932,400-500,100-150,>=10,7-10,3-5,>=4
Cc1ccc(N)cc1Cl,2.940765522866454,5.118848477027006,<200,<50,<3,1-3,1-3,2-3
COC(=O)NC(=S)NC1=CC=CC=C1NC(=S)NC(=O)OC,1.8998631646536464,1.9853886174483966,300-400,100-150,<3,5-7,3-5,1-2
C1=CC=C(C=C1)NC2=CC=C(C=C2)O,3.7225053416075404,5.2578959688614875,<200,<50,<3,1-3,1-3,3-4
CC(CF)CN1C(c2ccc(C=CC(=O)O)cc2)c2ccc(O)cc2CC1(C)C,5.104595618957966,3.600600000727901,300-400,50-75,5-7,3-5,1-3,>=4
COc1ccc2c(c1)C[C@@H](C)N(CC(C)C)[C@@H]2c1ccc(/C=C/C(=O)O)cc1,2.6610581800111466,4.966201228338529,300-400,<50,5-7,3-5,1-3,>=4
CC(CO)CN1C(C)Cc2c([nH]c3ccccc23)C1c1ccc(C=CC(=O)O)cc1,3.624964147356488,4.206955728268953,400-500,75-100,5-7,3-5,3-5,>=4
CCOC1C(C2=C(O1)C=CC(=C2)OS(=O)(=O)C)(C)C,3.0256009103415877,3.8260609395371983,200-300,50-75,3-5,5-7,<1,2-3
CC(C(=O)O)c1ccc(-c2ccccc2)c(F)c1,1.9623966321770685,2.779635212312483,200-300,<50,3-5,1-3,1-3,3-4
O=P(OC(CCl)CCl)(OC(CCl)CCl)OC(CCl)CCl,1.80965320639967,2.63587911300258,400-500,<50,>=10,3-5,<1,>=4
CCOP(=S)(OCC)OP(=S)(OCC)OCC,3.8542680409048007,5.552859967556872,300-400,<50,>=10,7-10,<1,3-4
COC(=O)c1c(C(F)F)nc(C(F)(F)F)c(C2=NCCS2)c1CC(C)C,2.9818046982475073,4.668975156893465,300-400,50-75,5-7,5-7,<1,>=4
CC1=C(C=C(C=C1)N)O,5.2357890603788295,3.730712137715869,<200,<50,<3,1-3,1-3,1-2
C#Cc1cccc(Nc2ncnc3cc(OCCOC)c(OCCOC)cc23)c1,3.627571341174071,2.988368376495352,300-400,50-75,>=10,7-10,1-3,3-4
COC(=O)NS(=O)(=O)c1ccc(N)cc1,1.7562870038621743,1.719142180325561,200-300,75-100,<3,5-7,1-3,0-1
COC(=O)N1CCN(C2CCC(N=c3nc[nH]n4ccc([C@H](C)CC(=N)O)c34)CC2)CC1,1.769875359895158,2.155580485727476,400-500,100-150,5-7,7-10,3-5,2-3
Cc1nc(Nc2nc3cc(N4CCN(C)CC4)ncc3[nH]2)cc(C2CC2)c1F,3.031191900701865,3.392848963727762,300-400,50-75,3-5,5-7,1-3,3-4
CC(C)N(C1=CC=C(C=C1)F)C(=O)COC2=NN=C(S2)C(F)(F)F,2.8477323140291877,4.3146133186036115,300-400,50-75,5-7,5-7,<1,3-4
CCCC1=CC(=C(C=C1)O)OC,4.960807755189516,4.152452765609863,<200,<50,3-5,1-3,1-3,2-3
CC1=CC(=C(C=C1)C)C,3.7123523062900845,3.207324403353169,<200,<50,<3,<1,<1,2-3
COC[C@H](C)CN1[C@H](c2c(F)cc(/C=C/C(=O)O)cc2F)c2ccc(O)cc2CC1(C)C,4.134872989869863,5.415648744666953,400-500,50-75,7-10,3-5,1-3,>=4
CCOC(=O)C1=CC=CC=C1C(=O)OCC,3.6102853486546,4.6925650311110845,200-300,50-75,3-5,3-5,<1,2-3
COP(=O)(C(C(Cl)(Cl)Cl)O)OC,3.0951374470365915,4.402494604306242,200-300,50-75,3-5,3-5,1-3,2-3
CN1C(=O)CC(=O)N(C2=C1C=CC(=C2)Cl)C3=CC=CC=C3,2.627325931973429,4.244144362112037,300-400,<50,<3,1-3,<1,3-4
Cc1cn2c(-c3cn[nH]c3)cnc2c(=Nc2cc(C(NC(C)(C)C)c3ccccn3)ns2)[nH]1,1.9756816742618892,3.434720483957125,400-500,100-150,5-7,7-10,3-5,3-4
C(Cl)(Cl)(Cl)Cl,3.6932438903715434,2.475878375626544,<200,<50,<3,<1,<1,2-3
CC(C)(C)C(O)C(Cc1ccc(Cl)cc1)n1cncn1,2.183938446051937,2.9531536328672403,200-300,50-75,3-5,3-5,1-3,3-4
CC(C)OC1=CC=CC=C1OC(=O)NC,3.798217727615499,2.9206382762063954,200-300,<50,3-5,3-5,1-3,2-3
Cc1ccc(C(CCC(N)C(=O)O)(c2ccccc2)c2ccccc2)cc1C,3.5267299750659724,2.7732990948653913,300-400,50-75,7-10,1-3,1-3,>=4
CCOC(=O)COc1cc(-c2nn(C)c(OC(F)F)c2Cl)c(F)cc1Cl,2.9029982197157045,5.210424947008923,400-500,50-75,7-10,5-7,<1,>=4
COc1cc(N2CCN(C(=O)[C@@H]3CCCC[C@H]3C(O)=NC3(C#N)CC3)[C@H](C)C2)ccc1C1CC1,3.238853110475275,4.168330503120788,400-500,75-100,5-7,5-7,1-3,>=4
CCNC1=CC=CC=C1,3.354118215828852,4.033634082553319,<200,<50,<3,1-3,1-3,2-3
C1=CC=C(C=C1)NC(=O)CCCCCCC(=O)NO,3.8575119763240893,3.648088969513905,200-300,75-100,7-10,3-5,3-5,2-3
CNS(=O)(=O)c1cc(-c2sc(N=C(C)O)nc2C)cc2c1C(=O)N([C@@H](C)C1CC1)C2,1.8190815173015091,0.8207265198063667,400-500,100-150,5-7,5-7,1-3,3-4
CCCCSP(=O)(SCCCC)SCCCC,3.42899249750636,5.766105825364386,300-400,<50,>=10,3-5,<1,>=4
CCSC(=O)N1CCCCCC1,3.3033642865291233,3.4181816620621857,<200,<50,<3,1-3,<1,2-3
CC(C)N(CCC(C(N)=O)(c1ccccc1)c1ccccn1)C(C)C,3.1945935826972183,0.770201180338248,300-400,50-75,7-10,3-5,1-3,3-4
CN(C(=O)NC1=CC(=C(C=C1)Cl)Cl)OC,2.766442724658596,4.443699119055233,200-300,<50,<3,1-3,1-3,3-4
O=C(C=Cc1cccc(S(=O)(=O)Nc2ccccc2)c1)NO,2.972597342123696,1.0228141710742014,300-400,75-100,5-7,3-5,3-5,2-3
CC1=CC=C(C=C1)C2=C(N=C(N2S(=O)(=O)N(C)C)C#N)Cl,2.4926414776228714,3.2749914729946883,300-400,75-100,3-5,5-7,<1,2-3
NC1c2cccnc2C(OC(=O)N2CCC(n3c(=O)[nH]c4ncccc43)CC2)CCC1c1cccc(F)c1F,2.9263495841591163,2.273329614345249,500-600,100-150,3-5,7-10,1-3,>=4
CCCCCCCCCC,2.4489715254019497,1.0884079443229127,<200,<50,7-10,<1,<1,>=4
CN1C2=C(C(=O)N(C1=O)C)NC=N2,1.9109355750245056,1.0924268113183644,<200,50-75,<3,5-7,1-3,<0
Nc1cc(Cl)cc(Cl)c1,2.653276326880556,5.393919458287381,<200,<50,<3,1-3,1-3,2-3
C=CCc1ccc(OC)c(OC)c1,4.822300311518632,4.227951485327458,<200,<50,3-5,1-3,<1,2-3
CC(C)(C=NOC(=O)NC)SC,1.8149176626052261,1.0636861018882966,<200,50-75,3-5,3-5,1-3,1-2
Cc1nc2n(c(=O)c1CCN1CCC(c3noc4cc(F)ccc34)CC1)CCCC2,3.031890502385104,3.3580417635815003,400-500,50-75,3-5,5-7,<1,3-4
COc1ccc(CO)cc1,4.91659974724476,5.438354614501398,<200,<50,<3,1-3,1-3,1-2
C1CN(CCN1CCC2=CC(=O)N(C3=C2C=CC(=C3)F)CC(=O)N)C4=NC=CC5=C4C=CS5,3.039141918922137,2.9424769503830155,400-500,75-100,5-7,7-10,1-3,2-3
C[C@H](CO)Nc1cc(NS(=O)(=O)N2CCOCC2)nc(SCc2cccc(Cl)c2F)n1,2.568410462884315,3.0612578074341883,400-500,100-150,7-10,7-10,3-5,2-3
CCCCCCCCn1sccc1=O,3.366635358426487,3.507462368162881,200-300,<50,7-10,3-5,<1,3-4
C1=CC=C(C(=C1)C2=NC(C(=O)NC3=C2C=C(C=C3)Cl)O)Cl,2.1950514917842727,1.0586675377293866,300-400,50-75,<3,3-5,1-3,3-4
CCCCCC(O)CC(=O)CCc1ccc(O)c(OC)c1,5.08189024791731,5.920150591130186,200-300,50-75,>=10,3-5,1-3,3-4
CN(C)C(=O)C1(CCN(CC1)CCC2(CN(CCO2)C(=O)C3=CC=CC=C3)C4=CC(=C(C=C4)Cl)Cl)N5CCCCC5,2.8589806900278685,3.5724152983529844,>=600,50-75,7-10,5-7,<1,>=4
CCCCNC(=O)NS(=O)(=O)c1ccc(C)cc1,1.815966744281199,1.474454769386837,200-300,75-100,5-7,3-5,1-3,1-2
CCOc1ccc2c(c1)C(C)=CC(C)(C)N2,2.977589323717924,3.678111386004776,200-300,<50,<3,1-3,1-3,3-4
CCOC1=CC=C(C=C1)N,3.8463241905518957,3.5866069434349686,<200,<50,<3,1-3,1-3,1-2
CO,4.450049923873867,1.180430766420579,<200,<50,<3,1-3,1-3,<0
CCOP(=O)(NC(C)C)Oc1ccc(SC)c(C)c1,4.672555013505162,5.069070685216515,300-400,<50,7-10,3-5,1-3,>=4
CCC(C)C1=CC=C(C=C1)O,5.326642835141198,3.900315317126522,<200,<50,<3,1-3,1-3,2-3
OC(c1cc(C(F)(F)F)nc2c(C(F)(F)F)cc(Cl)cc12)C1CCCCN1,2.1712818008070904,4.420711711611233,400-500,<50,<3,3-5,1-3,>=4
Cc1ccc(C)c(OCCCC(C)(C)C(=O)O)c1,3.707041046855685,4.896058916611654,200-300,<50,5-7,1-3,1-3,3-4
CC1=C(C(C(=C(N1)C)C(=O)OC(C)C)C2=CC=CC3=NON=C32)C(=O)OC,3.886254601069808,3.8458276458247784,300-400,100-150,3-5,7-10,1-3,2-3
FC(F)(Cl)Cl,2.878080761184678,0.4960254312430792,<200,<50,<3,<1,<1,2-3
CCCCC[C@@H](CC(=O)CCC1=CC(=C(C=C1)O)OC)O,5.125648727175734,5.920150591130186,200-300,50-75,>=10,3-5,1-3,3-4
C=CC(O)=Nc1cc(Nc2ncc(Cl)c(-c3cnn4ccccc34)n2)c(OC)cc1N1CC(N(C)C)C1,2.882802989285534,2.655377710446548,500-600,100-150,7-10,7-10,1-3,>=4
CC12CC1(C)C(=O)N(c1cc(Cl)cc(Cl)c1)C2=O,3.0693499563910978,2.6766060413572883,200-300,<50,<3,1-3,<1,3-4
CC(C)c1cccc(C(C)C)c1,3.401399635800987,3.0356742842019857,<200,<50,<3,<1,<1,3-4
CCOC(=O)C1=CC2(CC)CCCN3CCc4c(n1c1ccccc41)C32,3.4446091748637517,0.0023786338062618405,300-400,<50,3-5,3-5,<1,>=4
CC(C)[C@@H](C(=O)N[C@H]1CC2=CC=CC=C2[C@H]3CCC[C@H](N3C1=O)C(=O)O)SC(=O)C,2.684052896594458,2.7160755781097237,400-500,100-150,5-7,5-7,1-3,2-3
CCS(=O)(=O)c1ccc(C(N=C(C)O)C(=O)Nc2cc(-c3cc(C#N)cc(F)c3OC)cs2)cc1,2.6166301243276813,2.6730991333599206,500-600,100-150,7-10,7-10,1-3,>=4
c1ccc(-c2ccccc2)cc1,3.609536859808834,3.6130284946091415,<200,<50,<3,<1,<1,3-4
CC(c1cc2ccccc2s1)N(O)C(N)=O,2.4097152265056727,1.9237815943144345,200-300,50-75,<3,3-5,1-3,2-3
CC1(C(=O)NC(=O)N1CO)C,2.554261919368121,3.536029220007146,<200,50-75,<3,3-5,1-3,<0
CC(=O)OC1(C(C)=O)CCC2C3C=C(Cl)C4=CC(=O)C5CC5C4(C)C3CCC21C,5.2339575665865725,2.5134599304809226,400-500,50-75,<3,3-5,<1,>=4
C(CCl)OP(=O)(OCCCl)OCCCl,3.2694268661975228,1.8229951818212897,200-300,<50,7-10,3-5,<1,2-3
c1ccc2cc3ccccc3cc2c1,3.4697835069298253,3.552931400858865,<200,<50,<3,<1,<1,3-4
C=Cc1ccccc1,4.486186007513922,4.703924038629804,<200,<50,<3,<1,<1,2-3
Nc1ccc2c(c1)C(=O)c1ccccc1C2=O,2.29367732365259,4.374050408992255,200-300,50-75,<3,3-5,1-3,2-3
CCN(CC)CC(=O)Nc1c(C)cccc1C,3.149438988519499,2.630394674066566,200-300,<50,5-7,1-3,1-3,2-3
C1=CC=C(C=C1)C(=O)C2=C(C(=C(C=C2)O)O)O,4.613808979360776,5.482381695498671,200-300,75-100,<3,3-5,3-5,2-3
CC#Cc1cncc(-c2cc(Cl)c([C@]3(C)CC(=O)N(C)C(=N)N3)s2)c1,2.0462155913917015,2.0630085059282193,300-400,50-75,<3,3-5,1-3,3-4
CC(C)(C)C(O)(CCc1ccc(Cl)cc1)Cn1cncn1,2.68891390171107,2.669227276553883,300-400,50-75,5-7,3-5,1-3,3-4
O=c1[nH]c2ccc(S(=O)CCN3CCC(Cc4ccc(F)cc4)CC3)cc2o1,3.5001558999233287,2.6748541246582795,400-500,50-75,5-7,3-5,1-3,3-4
Cc1noc2cc(N3CCN(C(=O)C4CCCCC4C(=O)NC4(C#N)CC4)C(C)C3)ccc12,2.754651757739487,4.354627945207949,400-500,100-150,3-5,5-7,1-3,3-4
CN1C=C(C(=O)C(=C1)C2=CC(=CC=C2)C(F)(F)F)C3=CC=CC=C3,3.1875335514564247,2.7234519298767377,300-400,<50,<3,1-3,<1,>=4
CC1(C)SC2C(NC(=O)C(N)c3ccc(O)cc3)C(=O)N2C1C(=O)O,1.6420002311177142,2.155580485727476,300-400,100-150,3-5,5-7,3-5,0-1
Cc1ccc(C(SCC(N)C(=O)O)(c2ccccc2)c2ccccc2)cc1C,3.8042379289813706,3.049271618680062,300-400,50-75,7-10,3-5,1-3,>=4
O=c1c(-c2ccc(O)cc2)coc2cc(O)cc(O)c12,3.1381078905349553,3.882655305125463,200-300,75-100,<3,5-7,3-5,2-3
Oc1ccccc1Cc1ccccc1O,3.7893436177373667,5.363398162503038,200-300,<50,<3,1-3,1-3,2-3
CCCC[N+](CCCC)(CCCC)CCCC.[Br-],4.114520478821835,0.6555103164552958,300-400,<50,>=10,<1,<1,2-3
COC1=C(C=C2C(=C1)N=CN=C2NC3=CC(=C(C=C3)F)Cl)NC(=O)/C=C/CN4CCCCC4,2.602845303578274,2.155580485727476,400-500,75-100,7-10,5-7,1-3,>=4
CCCCCCOc1ccc(N)cc1,3.445759663535552,5.312037759993743,<200,<50,5-7,1-3,1-3,3-4
Cc1cnc(C(=O)NCCc2ccc(S(=O)(=O)NC(=O)NC3CCCCC3)cc2)cn1,3.2675340565473237,1.6220079968531347,400-500,100-150,7-10,5-7,3-5,2-3
CCOC(=O)COC1=C(C=C(C(=C1)C2=NN(C(=C2Cl)OC(F)F)C)F)Cl,2.824508660721844,5.210424947008923,400-500,50-75,7-10,5-7,<1,>=4
Cc1ccc2ncccc2c1,3.3347209985912465,5.834624169952441,<200,<50,<3,1-3,<1,2-3
CNC(=O)Oc1cccc2ccccc12,2.4977825764810886,4.2539526234171205,200-300,<50,<3,1-3,1-3,2-3
CN(C)C(=O)Nc1ccccc1,2.4133482817926706,2.122623988140148,<200,<50,<3,1-3,1-3,1-2
CCC1OC=CC(=O)C1=O,2.9112421186752253,5.33314527235854,<200,<50,<3,3-5,<1,0-1
CC(C)(C)C1=CC=C(C=C1)C(CCCN2CCC(CC2)C(C3=CC=CC=C3)(C4=CC=CC=C4)O)O,3.06238788539672,5.988782252971292,400-500,<50,7-10,3-5,1-3,>=4
CC1(C)C(C(=O)O)N2C(=O)CC2S1(=O)=O,1.3966168887516246,2.155580485727476,200-300,75-100,<3,3-5,1-3,<0
CN(C)C1=CC=C(C=C1)C(=C2C=CC(=[N+](C)C)C=C2)C3=CC=C(C=C3)N(C)C.[Cl-],3.0601772491692594,3.098905305412727,400-500,<50,3-5,1-3,<1,1-2
CC(C)CN1C(c2ccc(C=CC(=O)O)cc2)c2ccc(O)cc2CC1(C)C,5.115484807386454,2.7890647440831073,300-400,50-75,5-7,3-5,1-3,>=4
CCN1CCC2(CC1)COC3=C2C=C4C(=C3)CCN4C(=O)C5=CC=C(C=C5)C6=C(C=C(C=C6)C7=NN=C(O7)C)C.Cl,3.0307109884551067,2.5518637282315644,500-600,50-75,3-5,5-7,<1,>=4
CC(C)C1(C(=O)NC(=N1)C2=NC3=CC=CC=C3C=C2C(=O)O)C,1.1312188167797794,1.981186982692312,300-400,75-100,3-5,3-5,1-3,2-3
COc1nc(N2CC3C(=O)N(C)C(=N)NC3(c3ccc(F)cc3F)C2)nc(C)c1F,2.0463169983875287,1.719142180325561,400-500,75-100,3-5,5-7,1-3,1-2
CCCC1=NC(=S)NC(=O)C1,1.8071855152292984,1.4738722005560367,<200,<50,<3,1-3,1-3,1-2
CC1=NN=C(C=C1)N2CC(C2)COC3=CC=C(C=C3)C4=NOC(=N4)C,2.127033701724449,4.22237070581692,300-400,75-100,5-7,7-10,<1,2-3
CC(C)C1=C(C(=CC=C1)C(C)C)N2C(=O)C3=C(C2=O)C=C(C=C3)O,3.4865104004132683,4.792330848733125,300-400,50-75,3-5,3-5,1-3,>=4
CCCC[N+](CCCC)(CCCC)CCCC,3.585861682328657,0.6555103164552958,200-300,<50,>=10,<1,<1,>=4
Cc1ccc(C(=O)c2ccccc2)cc1,4.121263046301095,5.707865461243779,<200,<50,<3,1-3,<1,3-4
CC1=CC(=CC2=C(C(=CN=C12)C(=O)N)NC3=CC(=CC=C3)OC)S(=O)(=O)C4=CC=CC(=C4)C(=O)N(C)C,2.533432305638473,3.9514978209100806,500-600,100-150,7-10,7-10,1-3,3-4
CCNC(=O)OC1CCN(c2nncc3cc(OC)c(OC)cc23)CC1,3.4677604464334655,5.107673985224389,300-400,75-100,5-7,7-10,1-3,2-3
CCN1CCN(c2ccc(Nc3cc(N(C)C(=O)Nc4c(Cl)c(OC)cc(OC)c4Cl)ncn3)cc2)CC1,3.1922940566165283,4.309154982576856,500-600,75-100,7-10,7-10,1-3,>=4
CCNc1nc(Cl)nc(NC(C)(C)C#N)n1,2.049624970782715,2.201094789505169,200-300,75-100,3-5,5-7,1-3,1-2
Cc1ccc(-c2c(Cl)nc(C#N)n2S(=O)(=O)N(C)C)cc1,2.1641189113075594,3.2749914729946883,300-400,75-100,3-5,5-7,<1,2-3
COCCOC1=C(C=C2C(=C1)C(=NC=N2)NC3=CC=CC(=C3)C#C)OCCOC,2.549087260055113,2.988368376495352,300-400,50-75,>=10,7-10,1-3,3-4
Oc1cccc(O)c1,4.772049607632901,3.633405432653028,<200,<50,<3,1-3,1-3,1-2
O=[N+]([O-])N=C1NCCN1Cc1ccc(Cl)nc1,3.0467008217881992,2.0970174392014087,200-300,75-100,3-5,3-5,1-3,0-1
CC(C)(C)C1=CC(=CC=C1)O,3.7450249509957327,4.637452073382107,<200,<50,<3,1-3,1-3,2-3
COC(=O)NC1=NC2=CC=CC=C2N1,3.0230138527968795,4.128153220694453,<200,50-75,<3,3-5,1-3,1-2
COc1ccc(Cl)cc1C(=O)NCCc1ccc(S(=O)(=O)NC(=O)NC2CCCCC2)cc1,3.2444372073367305,2.8816261821451543,400-500,100-150,7-10,5-7,3-5,3-4
CCC(C)(C1=CC=C(C=C1)O)C2=CC=C(C=C2)O,3.900300649142992,4.518846623309047,200-300,<50,3-5,1-3,1-3,3-4
CNCC(O)CC12CCC(c3ccccc31)c1ccccc12,3.1376975459471894,2.1664261485194816,200-300,<50,3-5,1-3,1-3,3-4
CCC(Nc1ncnc2[nH]cnc12)c1nc2cccc(F)c2c(=O)n1-c1ccccc1,2.4032899413800837,2.664277677493324,400-500,100-150,5-7,7-10,1-3,3-4
CC(C)C1CCC(Cc2ccc(Cl)cc2)C1(O)Cn1cncn1,2.6543326648710783,5.552859967556872,300-400,50-75,5-7,3-5,1-3,3-4
C1CN(CCC1N2C3=C(C=C(C=C3)Cl)NC2=O)CCCN4C5=CC=CC=C5NC4=O,2.237975494869521,3.9028862723145594,400-500,75-100,5-7,5-7,1-3,3-4
N=c1nc(C(=O)NCc2cccc3cccnc23)c2ccccc2[nH]1,3.0989978063768477,4.4947037684815845,300-400,75-100,3-5,3-5,3-5,2-3
C(C(F)(Cl)Cl)(F)(F)Cl,4.5904505400106785,0.4960254312430792,<200,<50,<3,<1,<1,2-3
CN=C1C=NN(c2cccc(C(F)(F)F)c2)C(=O)C1Cl,2.6993756932126014,3.3747263277487556,300-400,<50,<3,3-5,<1,2-3
CCN1CCN(CC1)C2=CC=C(C=C2)NC3=CC(=NC=N3)N(C)C(=O)NC4=C(C(=CC(=C4Cl)OC)OC)Cl,2.7994493412413783,4.309154982576856,500-600,75-100,7-10,7-10,1-3,>=4
CC1=NN=C2N1C3=C(C=C(C=C3)Cl)C(=NC2)C4=CC=CC=C4Cl,0.5597571976543276,1.993392737631828,300-400,<50,<3,3-5,<1,>=4
CC1COCCN1c1cc(C2(S(C)(=N)=O)CC2)nc(-c2cc[nH]c3nccc2-3)n1,1.203641915402516,1.8064181702367141,400-500,100-150,3-5,7-10,1-3,2-3
CC1=C(C=CC=C1[N+](=O)[O-])[N+](=O)[O-],3.257275804668902,4.490147048307164,<200,75-100,<3,3-5,<1,1-2
O=C(Nc1ccccc1)Nc1cnns1,3.9353247025783586,2.604018875753498,200-300,50-75,<3,3-5,1-3,2-3
O=P(OCCCl)(OCCCl)OCCCl,3.230792070642398,1.8229951818212897,200-300,<50,7-10,3-5,<1,2-3
CC(C)(C)CC(C)(C)C1=CC=C(C=C1)O,3.6963953077803278,4.243413982861241,200-300,<50,<3,1-3,1-3,>=4
O=C1CCC2(O)C3Cc4ccc(O)c5c4C2(CCN3CC2CC2)C1O5,3.5542292303136587,3.840922478681181,300-400,50-75,<3,5-7,1-3,1-2
O=C(c1ccc(O)cc1)c1ccc(O)cc1O,4.303122252799912,4.001584511406435,200-300,75-100,<3,3-5,3-5,2-3
CON=C(C1=NOCCO1)c1ccccc1Oc1ncnc(Oc2ccccc2Cl)c1F,3.8150781372866502,3.7518379385882503,400-500,75-100,7-10,7-10,<1,>=4
CCCC1=CC(=O)NC(=S)N1,2.0108791536149853,1.4738722005560367,<200,<50,<3,1-3,1-3,1-2
C=CCOC(=O)C1=CC=CC=C1C(=O)OCC=C,3.5444520720898596,3.0866678441477085,200-300,50-75,5-7,3-5,<1,2-3
C1=CC=C2C(=C1)C=CC3=CC4=CC=CC=C4C=C32,3.3249931833063826,3.8604004147232507,200-300,<50,<3,<1,<1,>=4
CC1=C2CC3C(CC=C4CC(O)CCC43C)C2CCC12OC1CC(C)CNC1C2C,3.2989800212784037,4.32813021826007,400-500,<50,<3,3-5,1-3,>=4
CC(C)Nc1nc(Cl)nc(NC(C)C)n1,2.930904009986018,3.641441350498551,200-300,50-75,3-5,5-7,1-3,2-3
C1CC2=CC=CC3=C2C1=CC=C3,3.4288506365569202,2.589992962855732,<200,<50,<3,<1,<1,2-3
O=C(NO)C1(NS(=O)(=O)c2ccc(Oc3ccc(F)cc3)cc2)CCOCC1,1.499666714192819,1.913322167765711,400-500,100-150,5-7,5-7,3-5,1-2
C1CC1C#C[C@]2(C3=C(C=CC(=C3)Cl)NC(=O)O2)C(F)(F)F,2.1150495354304635,3.1202478392280244,300-400,<50,<3,1-3,1-3,>=4
CCOC(=O)CC(C(=O)OCC)SP(=O)(OC)OC,2.6150946881690382,4.964426385618068,300-400,75-100,7-10,7-10,<1,2-3
COc1ccc(O)c(C(C)(C)C)c1,4.34841181442825,2.9424769503830155,<200,<50,<3,1-3,1-3,2-3
CCCCCCOC1=CC=C(C=C1)N,3.6576545700327823,5.312037759993743,<200,<50,5-7,1-3,1-3,3-4
CSc1nnc(C(C)(C)C)c(=O)n1N,1.9928833121247238,1.312316253610314,200-300,50-75,<3,5-7,1-3,0-1
C=CC(=O)Nc1cc(Nc2ncc(Cl)c(-c3cnn4ccccc34)n2)c(OC)cc1N(C)CCN(C)C,3.2099635453599324,3.600600000727901,500-600,75-100,>=10,7-10,1-3,>=4
FC(F)(F)Br,2.481415233383566,2.627824938988848,<200,<50,<3,<1,<1,1-2
CCCCC(O)(Cn1cncn1)c1ccc(Cl)cc1Cl,2.738593352233903,3.744043216068931,300-400,50-75,5-7,3-5,1-3,3-4
CCOP(=S)(OCC)Oc1nc(Cl)n(C(C)C)n1,3.8853910996384347,3.925732183746518,300-400,50-75,7-10,7-10,<1,3-4
CC(C)C1CCC(C1(CN2C=NC=N2)O)CC3=CC=C(C=C3)Cl,3.4522587816616808,5.552859967556872,300-400,50-75,5-7,3-5,1-3,3-4
Cc1ccc(C(C)(C)C)c(O)c1,4.214012533239481,4.528232984567794,<200,<50,<3,1-3,1-3,2-3
Cc1nnc2n1-c1ccc(Cl)cc1C(c1ccccc1)=NC2,2.392297531877131,0.6885116631311579,300-400,<50,<3,3-5,<1,3-4
Cc1cc(COc2ccc(S(=O)(=O)N(C)C3(C(=O)NO)CN(C(=O)C(C)C)C3)cc2)c2ccccc2n1,2.953629880115276,3.0612578074341883,500-600,100-150,7-10,7-10,1-3,2-3
Nc1nnc(-c2cccc(Cl)c2Cl)c(N)n1,1.2784319331273197,1.5177655078946732,200-300,75-100,<3,5-7,1-3,2-3
Cc1ccc([N+](=O)[O-])cc1,3.916946997534937,3.9151356760387688,<200,<50,<3,1-3,<1,1-2
C1=CC(=C(C=C1F)F)C(CN2C=NC=N2)(CN3C=NC=N3)O,3.023686150339877,1.7336283942713184,300-400,75-100,5-7,7-10,1-3,0-1
CC1=C(C2=C(N1C(=O)C3=CC=C(C=C3)Cl)C=CC(=C2)OC)CC(=O)O,2.3086944480203413,3.2104082761500496,300-400,50-75,3-5,3-5,1-3,3-4
C[C@@]1(C(=O)N(C(=N1)SC)NC2=CC=CC=C2)C3=CC=CC=C3,3.2043152301147155,3.831590998654214,300-400,<50,3-5,3-5,1-3,3-4
Cc1ccc(C(SC[C@H](N)C(=O)O)(c2ccccc2)c2ccccc2)cc1C,3.661721734337695,3.049271618680062,300-400,50-75,7-10,3-5,1-3,>=4
CCn1c(C(C)NS(=O)(=O)c2ccc(C#N)nc2)nc2cnc(C(F)(F)F)cc21,1.2151155092640225,1.3994968237976466,400-500,100-150,5-7,7-10,1-3,2-3
CCCCCCCC[Si](OCC)(OCC)OCC,3.071733292904833,3.3721103594482438,200-300,<50,>=10,3-5,<1,>=4
C#CC(C)(C)NC(=O)c1cc(Cl)cc(Cl)c1,2.4462692738637704,2.6905119681290026,200-300,<50,<3,1-3,1-3,3-4
CS(=O)(=O)C1=C(C=CC(=C1)C(F)(F)F)C(=O)C2=C(ON=C2)C3CC3,2.463319436160387,3.96943505598847,300-400,75-100,3-5,5-7,<1,3-4
CCCCCCCC1CCC(=O)O1,3.381860194798214,3.2226495354571054,<200,<50,5-7,1-3,<1,3-4
CCNC(=O)NC(=O)/C(=N/OC)/C#N,2.5721779413983397,4.436195640237645,<200,100-150,3-5,5-7,1-3,<0
CCCCOC(=O)c1ccccc1C(=O)OCCCC,3.2521586516486978,4.6925650311110845,200-300,50-75,7-10,3-5,<1,3-4
CC[C@@H]1C[C@@H]2[C@@H](CC[C@@]3(S(=O)(=O)c4ccc(C(F)(F)F)cc4)c4c(F)ccc(F)c4OC[C@@H]23)NS1(=O)=O,0.4860555364079951,0.567181382230949,500-600,75-100,3-5,5-7,1-3,>=4
Cn1nc(CO)nc1NCCCOc1cccc(CN2CCCCC2)c1,3.5347032134928025,3.3668578030321905,300-400,75-100,7-10,7-10,1-3,2-3
C1COCCO1,2.857194003977954,2.2891842514700076,<200,<50,<3,1-3,<1,0-1
CNC1=C(C(=O)N(N=C1)C2=CC=CC(=C2)C(F)(F)F)Cl,2.42470006027368,3.3747263277487556,300-400,<50,<3,3-5,1-3,2-3
OC(=NC[C@@H](O)CN1CCC(Oc2ccc(Cl)c(Cl)c2)CC1)c1cnc(O)c2ccccc12,2.0183293931706707,2.4138759891326176,400-500,75-100,7-10,5-7,3-5,>=4
C#CCN1C(=O)COC2=CC(=C(C=C21)N3C(=O)C4=C(C3=O)CCCC4)F,3.0236128615629285,3.100510435676909,300-400,50-75,<3,3-5,<1,1-2
CCNC1=NC(=NC(=N1)Cl)NC(C)(C)C#N,2.7774804861274816,2.201094789505169,200-300,75-100,3-5,5-7,1-3,1-2
COC1=C(C=C(C=C1)C(=CC(=O)N2CCOCC2)C3=CC=C(C=C3)Cl)OC,3.0046771459306623,3.9636527532089056,300-400,<50,5-7,3-5,<1,3-4
C1=CC=C(C=C1)C2=NC(C(=O)NC3=C2C=C(C=C3)Cl)O,2.500584965160049,2.232420674799882,200-300,50-75,<3,3-5,1-3,2-3
FC(F)(F)C(Cl)Cl,1.9710699235500473,4.882654669320898,<200,<50,<3,<1,<1,2-3
c1ccc2ncccc2c1,3.33619620733913,4.59723861406921,<200,<50,<3,1-3,<1,2-3
CC(C)C1=C(C(=CC=C1)C(C)C)O,4.1259408294753355,5.610350895842208,<200,<50,<3,1-3,1-3,3-4
CCCCCc1ccc(N)cc1,3.774435519495719,3.856642633463877,<200,<50,3-5,1-3,1-3,3-4
CN(C(=O)Cc1cccc2occc12)C1CCC2(CCCO2)CC1N1CCCC1,2.426219713948178,2.2564205189442124,300-400,<50,3-5,3-5,<1,3-4
C[C@H](CO)NC1=NC(=NC2=C1N=CC(=O)N2)SCC3=C(C(=CC=C3)F)F,3.3796408509932943,4.0956544705840825,300-400,100-150,5-7,7-10,3-5,2-3
CNC(=O)CSP(=S)(OC)OC,1.926960238667435,2.338734999890452,200-300,<50,5-7,5-7,1-3,0-1
CCCCC1=NC2(CCCC2)C(=O)N1Cc1ccc(-c2ccccc2-c2nnn[nH]2)cc1,2.9103281858577343,3.5745569271098394,400-500,75-100,7-10,5-7,1-3,>=4
CC12CC1(C(=O)N(C2=O)C3=CC(=CC(=C3)Cl)Cl)C,2.680499116543912,2.6766060413572883,200-300,<50,<3,1-3,<1,3-4
CCNc1nc(Cl)nc(NCC)n1,2.0708769020191355,2.8388001674779244,200-300,50-75,3-5,5-7,1-3,1-2
CCC1=CC(=C(N=C1)C2=NC(C(=O)N2)(C)C(C)C)C(=O)O,2.6526154580329737,1.9432851782606186,200-300,75-100,3-5,3-5,1-3,1-2
CC1=C(CC(=O)O)c2cc(F)ccc2C1=Cc1ccc(S(C)=O)cc1,2.3398249444763883,1.8064181702367141,300-400,50-75,3-5,1-3,1-3,>=4
N#CSCSc1nc2ccccc2s1,3.8222183508032144,4.334820764847144,200-300,<50,3-5,5-7,<1,3-4
ClC=C(Cl)Cl,4.2487343611738675,3.365100801984549,<200,<50,<3,<1,<1,2-3
FC(C(F)(F)F)C(F)(F)F,1.4193035747823157,2.627824938988848,<200,<50,<3,<1,<1,2-3
CNC(=O)ON=C(C)SC,0.7858462717454809,1.8270968507176903,<200,50-75,<3,3-5,1-3,1-2
N=C1C=CC(=C(c2ccc(N)cc2)c2ccc(N)cc2)C=C1,3.024675186012954,2.2211677492744886,200-300,75-100,<3,3-5,3-5,3-4
Cc1cn2c(-c3cn[nH]c3)cnc2c(Nc2cc(C(NC(C)(C)C)c3ccccn3)ns2)n1,1.9307926611966761,3.434720483957125,400-500,100-150,5-7,7-10,3-5,>=4
CC1=CC=C(C=C1)C2=C(N3C=C(C=CC3=N2)C)CC(=O)N(C)C,3.1229661389648187,2.232420674799882,300-400,<50,3-5,3-5,<1,3-4
CC(CO)Nc1cc(NS(=O)(=O)N2CCC2)nc(SCc2cccc(F)c2F)n1,2.660606111614722,2.184626666957669,400-500,100-150,7-10,7-10,3-5,2-3
CCOP(=S)(OCC)OC1=NN(C(=N1)Cl)C(C)C,3.9225466954726738,3.925732183746518,300-400,50-75,7-10,7-10,<1,3-4
CCc1cc2c(cc1CC)CC(NCC(O)c1ccc(O)c3[nH]c(=O)ccc13)C2,2.8911288845994623,2.6281924485456436,300-400,75-100,5-7,3-5,3-5,3-4
O=C1OCC(Cc2cccc(O)c2)C1Cc1cccc(O)c1,4.212987215993658,5.871153098958999,200-300,50-75,3-5,3-5,1-3,2-3
CC(C)(C)C1=NN=C(S1)N(C)C(=O)NC,2.3233676230784535,2.669932366488085,200-300,50-75,<3,3-5,1-3,1-2
CCCC(C)C1(CC)C(=O)N=C(O)NC1=O,1.027305489907212,1.0436381581317689,200-300,75-100,3-5,1-3,1-3,1-2
CN(C)C(=O)Nc1cccc(C(F)(F)F)c1,2.856626197364467,3.280747969380977,200-300,<50,<3,1-3,1-3,2-3
C[C@@H]1COCCN1c1cc(C2([S@](C)(=N)=O)CC2)nc(-c2cc[nH]c3nccc2-3)n1,2.020624202646904,1.8064181702367141,400-500,100-150,3-5,7-10,1-3,2-3
CC1=C(N=C(N=C1OC(=O)N(C)C)N(C)C)C,2.8630594644360605,4.065997881231354,200-300,50-75,<3,5-7,<1,1-2
Oc1ccc2c(c1)-c1ccccc1C2,3.0956874756794326,3.9761390873508344,<200,<50,<3,1-3,1-3,2-3
O=[N+]([O-])c1ccccc1,4.01465145886335,3.081076705295394,<200,<50,<3,1-3,<1,1-2
CCNC(=O)OC1CCN(CC1)C2=NN=CC3=CC(=C(C=C32)OC)OC,3.2432947006109347,5.107673985224389,300-400,75-100,5-7,7-10,1-3,2-3
CC1CC2C(CCC3(S(=O)(=O)c4ccc(C(F)(F)F)cc4)c4c(F)ccc(F)c4OCC23)NS1(=O)=O,0.5067073704311837,0.7019681610657231,500-600,75-100,<3,5-7,1-3,>=4
N#Cc1cccnc1N1CCN(C(=O)c2cccc(Cc3nnc(O)c4ccccc34)c2)CC1,4.877455195592543,5.966859049472992,400-500,100-150,3-5,7-10,1-3,3-4
COc1c(C)c2c(c(O)c1CC=C(C)CCC(=O)O)C(=O)OC2,3.0461500675139033,3.6540342763286606,300-400,75-100,5-7,5-7,1-3,2-3
CN(C)C1=CC=C(C=C1)C(=N)C2=CC=C(C=C2)N(C)C.Cl,2.802510598941887,3.136955669224982,300-400,<50,3-5,3-5,1-3,3-4
COc1ccc(C(c2ccc(OC)cc2)C(Cl)(Cl)Cl)cc1,3.3240248281297715,3.490542838123298,300-400,<50,3-5,1-3,<1,>=4
CCOCN(C(=O)CCl)c1c(C)cccc1CC,3.2313446389953313,5.377718266768763,200-300,<50,5-7,1-3,<1,3-4
Clc1ccccc1CN1CCc2sccc2C1,3.704194031842246,4.970271451552798,200-300,<50,<3,1-3,<1,3-4
CC1=CC(=C(C=C1)O)C(C)(C)C,5.540706291241502,3.9922356063613136,<200,<50,<3,1-3,1-3,2-3
COc1cccc(C(=O)NN(C(=O)c2cc(C)cc(C)c2)C(C)(C)C)c1C,3.184331702661522,3.742838616914527,300-400,50-75,3-5,3-5,1-3,>=4
CCOC1=CC2=C(C=C1)NC(C=C2C)(C)C,3.641396797284955,3.678111386004776,200-300,<50,<3,1-3,1-3,3-4
CC(CO)Nc1nc(SCc2cccc(F)c2F)nc2[nH]c(=O)cnc12,3.5065211390460216,4.0956544705840825,300-400,100-150,5-7,7-10,3-5,2-3
COc1ccc(CCOC2CCCCC2N2CCC(O)C2)cc1OC,4.224002664295305,2.858547243087515,300-400,50-75,7-10,5-7,1-3,2-3
COC1CCC(n2nc(C)c(C(O)=N[C@@H](C)C(C)(C)C)c2NS(=O)(=O)c2ccc(C)cc2)CC1,2.1295648856471274,2.3184072597381764,400-500,100-150,7-10,5-7,1-3,>=4
O=C(C=Cc1ccc(CN(CCO)CCc2c[nH]c3ccccc23)cc1)NO,3.489153150172143,4.112452388140354,300-400,75-100,7-10,3-5,3-5,2-3
N#Cc1cc(Br)c(O)c(Br)c1,2.7574283865017972,3.045163365618585,200-300,<50,<3,1-3,1-3,2-3
COCC(C)CN1C(C)Cc2cc(O)ccc2C1c1c(F)cc(C=CC(=O)O)cc1F,3.062186159852248,4.749214251321958,400-500,50-75,7-10,3-5,1-3,>=4
C[Si](Cn1cncn1)(c1ccc(F)cc1)c1ccc(F)cc1,3.4656285412188654,2.9288327648106827,300-400,<50,3-5,3-5,<1,1-2
CC(C)C1=NC(=CS1)CN(C)C(=O)N[C@@H](C(C)C)C(=O)N[C@@H](CC2=CC=CC=C2)C[C@@H]([C@H](CC3=CC=CC=C3)NC(=O)OCC4=CN=CS4)O,2.847372945051131,3.1266297423195604,>=600,100-150,>=10,7-10,3-5,>=4
CCN(CC)CCNC(=O)c1cc(Cl)c(N)cc1OC,2.154745204172704,2.020069783139841,200-300,50-75,7-10,3-5,1-3,2-3
CCCCC(C#N)(Cn1cncn1)c1ccc(Cl)cc1,3.1511434968071423,3.7548198047292756,200-300,50-75,5-7,3-5,<1,3-4
C1COCCC1(C(=O)NO)NS(=O)(=O)C2=CC=C(C=C2)OC3=CC=C(C=C3)F,1.9979074029108328,1.913322167765711,400-500,100-150,5-7,5-7,3-5,1-2
CC(C)CN1[C@H](c2ccc(/C=C/C(=O)O)cc2)c2ccc(O)cc2CC1(C)C,5.137905368081047,2.7890647440831073,300-400,50-75,5-7,3-5,1-3,>=4
CCOC1=CC=C(C=C1)NC(=O)C,3.517788381462531,3.2099976421787297,<200,<50,3-5,1-3,1-3,2-3
CCC1=C(C(=CC=C1)CC)N,3.3097229949687224,3.738611055944215,<200,<50,<3,1-3,1-3,2-3
CN1CN(C(=S)SC1)C,2.686453285447384,3.484318607371102,<200,<50,<3,3-5,<1,0-1
CC(CF)CN1C(C)Cc2cc(O)ccc2C1c1ccc(C=CC(=O)O)cc1,3.4841684248924647,5.542948399503669,300-400,50-75,5-7,3-5,1-3,>=4
CC(=O)NC1=CC=C(C=C1)O,5.10524687318877,0.649946912270624,<200,<50,<3,1-3,1-3,1-2
CC1=C(C(=O)Nc2ccccc2)SCCO1,3.4835741327308725,4.144821604399771,200-300,<50,<3,3-5,1-3,2-3
CCC(=O)NC1=CC(=C(C=C1)Cl)Cl,5.140716827153195,3.392848963727762,200-300,<50,<3,1-3,1-3,3-4
CNS(=O)(=O)CC1=CC2=C(C=C1)NC=C2CCN(C)C,1.6324414879618503,1.965984476132442,200-300,50-75,5-7,3-5,1-3,1-2
O=C1Nc2ccc(Cl)cc2C(c2ccccc2)=NC1O,1.1728212635777264,2.232420674799882,200-300,50-75,<3,3-5,1-3,2-3
C1=CC=C(C=C1)NC(=O)NC2=CN=NS2,2.9552081285297604,2.604018875753498,200-300,50-75,<3,3-5,1-3,2-3
CCc1cccc(CC)c1N,3.0023647398916466,3.738611055944215,<200,<50,<3,1-3,1-3,2-3
CC(C)(C)c1ccc(C(O)CCCN2CCC(C(O)(c3ccccc3)c3ccccc3)CC2)cc1,3.4565120704347847,5.988782252971292,400-500,<50,7-10,3-5,1-3,>=4
CC(C)C(=O)Nc1ccc([N+](=O)[O-])c(C(F)(F)F)c1,2.8267515875490496,4.360494395961876,200-300,50-75,3-5,3-5,1-3,3-4
CCC1(C(=O)NC(=O)NC1=O)C2=CCCCCC2,1.1603677044363296,4.3146133186036115,200-300,75-100,<3,3-5,1-3,1-2
CC1=NC=C(N1CCO)[N+](=O)[O-],2.729952714276396,2.155580485727476,<200,75-100,3-5,5-7,1-3,0-1
CNC(=O)Oc1cccc2c1OC(C)(C)O2,2.774163624746972,4.02730581590257,200-300,50-75,<3,3-5,1-3,1-2
FC(F)(Cl)C(F)(Cl)Cl,3.5411087251612448,0.4960254312430792,<200,<50,<3,<1,<1,2-3
C=CC1=CC=CC=C1,4.169032453426674,4.703924038629804,<200,<50,<3,<1,<1,2-3
CCC(C)(c1ccc(O)cc1)c1ccc(O)cc1,4.212888892931514,4.518846623309047,200-300,<50,3-5,1-3,1-3,3-4
CC(Nc1cc(F)cc(Cl)c1)c1cc(C(=O)N(C)C)cc2c(=O)cc(N3CCOCC3)oc12,2.1084314137457256,3.450990217591385,400-500,75-100,5-7,5-7,1-3,>=4
C=CC(=O)Nc1cc(Nc2ncc(Cl)c(-c3cnn4ccccc34)n2)c(OC)cc1N1CC(N(C)C)C1,2.9592025482813162,2.655377710446548,500-600,75-100,7-10,7-10,1-3,>=4
CCCCN(CCCC)N=O,1.6608612067101223,3.377335470610368,<200,<50,7-10,1-3,<1,2-3
C1=Cc2cccc3cccc1c23,3.2636239914524046,3.481191903559391,<200,<50,<3,<1,<1,3-4
CCn1c(C(C)NS(=O)(=O)c2ccc(C#N)nc2)nc2cnc(C3CC3)cc21,1.1162373390572515,0.4113543988083964,300-400,100-150,5-7,7-10,1-3,2-3
Cc1ccc(-c2nc3ccc(C)cn3c2CC(=O)N(C)C)cc1,3.219348862598067,2.232420674799882,300-400,<50,3-5,3-5,<1,3-4
CCCc1ccc(O)c(OC)c1,4.985593511611472,4.152452765609863,<200,<50,3-5,1-3,1-3,2-3
CCC1(C2=CCCCCC2)C(=O)NC(=O)NC1=O,1.1879588427669974,4.3146133186036115,200-300,75-100,<3,3-5,1-3,1-2
CCNC1=NC(=NC(=N1)Cl)NCC,2.9216600094737326,2.8388001674779244,200-300,50-75,3-5,5-7,1-3,1-2
CC(=O)C1CCC2C3CCC4=CC(=O)CCC4(C)C3CCC12C,4.132898546680984,4.462948686380335,300-400,<50,<3,1-3,<1,>=4
CN1CCN(c2ccc3nc(Nc4ccc(Br)cn4)[nH]c3c2)CC1,2.4767704664405246,3.5795362960314803,300-400,50-75,3-5,5-7,1-3,3-4
CCOc1cc2ccccc2oc1=O,2.6773565881204506,4.206955728268953,<200,<50,<3,3-5,<1,2-3
CCC1=C(C(=O)C=CO1)O,4.73152163961185,5.33314527235854,<200,50-75,<3,3-5,1-3,0-1
CCOc1ncc(C)c2c1C(c1ccc(C#N)cc1OC)C(C(N)=O)=C(C)N2,2.8386018748395996,2.557794902195457,300-400,100-150,5-7,5-7,1-3,2-3
C1=CC=C(C(=C1)CC2=CC=C(C=C2)O)O,4.675461893113634,4.980287695503318,200-300,<50,<3,1-3,1-3,2-3
CCOC(=O)C1=C(C)N=C(C)C(C(=O)OC)C1c1cccc([N+](=O)[O-])c1,3.597412646644046,3.456622659303656,300-400,100-150,5-7,7-10,<1,2-3
CS(=O)(=O)C1=CC(=C(C=C1)C(=O)C2C(=O)CCCC2=O)[N+](=O)[O-],1.5686550363236185,0.642480563453373,300-400,100-150,3-5,7-10,<1,1-2
C=CC(=O)Nc1cc(Nc2ncc(C)c(-c3cn(C)c4ccccc34)n2)c(OC)cc1N(C)CCN(C)C,3.447861092229045,2.7244535934877994,500-600,75-100,>=10,7-10,1-3,>=4
CC[C@@H](C1=NC2=C(C(=CC=C2)F)C(=O)N1C3=CC=CC=C3)NC4=NC=NC5=C4NC=N5,2.6668996946312404,2.664277677493324,400-500,100-150,5-7,7-10,1-3,3-4
CCC1=C(C(=CC=C1)CC)N(COC)C(=O)CCl,4.585658832698012,5.081630861071418,200-300,<50,5-7,1-3,<1,2-3
CC(=O)N1CCN(CCOc2ccc(C3CCN(c4ccc5nnc(C(F)(F)F)n5n4)CC3)cc2)CC1,3.539002942679022,3.450990217591385,500-600,75-100,5-7,7-10,<1,3-4
Cc1cc(COc2ccc(S(=O)(=O)N(C)C3(C(O)=NO)CN(C(=O)C(C)C)C3)cc2)c2ccccc2n1,2.779574114282834,3.0612578074341883,500-600,100-150,7-10,7-10,1-3,3-4
CC(CCl)Cl,3.122413570611885,4.987083563286031,<200,<50,<3,<1,<1,1-2
CC(C)N(CCC(C1=CC=CC=C1)(C2=CC=CC=N2)C(=O)N)C(C)C,2.277196963455961,0.770201180338248,300-400,50-75,7-10,3-5,1-3,3-4
C[C@H](CF)CN1[C@H](C)Cc2cc(O)ccc2[C@H]1c1ccc(/C=C/C(=O)O)cc1,2.495021911610787,5.542948399503669,300-400,50-75,5-7,3-5,1-3,>=4
C[C@@H]1CN(CCN1C(=O)[C@@H]2CCCC[C@H]2C(=O)NC3(CC3)C#N)C4=CC5=C(C=C4)C(=NN5C)C,3.9695759585142185,2.988368376495352,400-500,75-100,3-5,5-7,1-3,2-3
COc1ccc(OC(F)(F)F)cc1CNC1CCCNC1c1ccccc1,2.571872269147948,2.8180476535328345,300-400,<50,5-7,3-5,1-3,>=4
COc1ccc2c(c1)c(CC(=O)O)c(C)n2C(=O)c1ccc(Cl)cc1,1.5575456187485577,3.2104082761500496,300-400,50-75,3-5,3-5,1-3,3-4
Cc1ccccc1O,4.103768797554058,4.261515311874514,<200,<50,<3,1-3,1-3,1-2
COC(=O)C1=CC=CC=C1C(=O)OC,3.8814044804250196,4.054149419800121,<200,50-75,<3,3-5,<1,1-2
CC(C)(CO)Nc1nc(SCc2cccc(F)c2F)nc2nc(N)sc12,2.4613350155390026,2.7701159173763807,300-400,75-100,5-7,7-10,3-5,3-4
CCOC(=O)c1ccccc1C(=O)OCC,3.39313650760791,4.6925650311110845,200-300,50-75,3-5,3-5,<1,2-3
C1=NC2=C(N1)C(=S)N=C(N2)N,1.6359555396902385,1.9465596523680775,<200,75-100,<3,3-5,3-5,0-1
c1ccc(C[n+]2cccc3ccccc32)cc1,3.675782295039978,2.97547002364752,200-300,<50,<3,<1,<1,3-4
C1CC1(C(=O)NC2=C(C=C(C=C2)Cl)Cl)C(=O)O,1.3562359518041296,0.6183711114329797,200-300,50-75,3-5,1-3,1-3,2-3
C1=CC=C2C(=C1)C=CC3=CC=CC=C3N2C(=O)N,3.471198125451222,1.9519933942570784,200-300,<50,<3,1-3,1-3,3-4
N#Cc1nn(-c2c(Cl)cc(C(F)(F)F)cc2Cl)c(N)c1S(=O)C(F)(F)F,2.0164066512229555,1.4991894926346008,400-500,75-100,<3,5-7,1-3,>=4
CN1C(=O)CC(=O)N(c2ccccc2)c2cc(Cl)ccc21,2.2958681864229034,4.244144362112037,300-400,<50,<3,1-3,<1,3-4
C1C[C@H](C2=C(C=CC=N2)[C@H]([C@@H]1C3=C(C(=CC=C3)F)F)N)OC(=O)N4CCC(CC4)N5C6=C(NC5=O)N=CC=C6,2.2553915568272886,2.273329614345249,500-600,100-150,3-5,7-10,1-3,>=4
Cc1nnc2n1-c1ccc(Cl)cc1C(c1ccccc1Cl)=NC2,2.279308550989823,1.993392737631828,300-400,<50,<3,3-5,<1,>=4
Nc1ccc(N=Nc2ccccc2)cc1,3.757621913053411,3.7122421583778804,<200,50-75,<3,3-5,1-3,3-4
CN1C(=O)CN=C(C2=C1C=CC(=C2)[N+](=O)[O-])C3=CC=CC=C3F,2.7788845829927817,1.3279465048795942,300-400,75-100,<3,3-5,<1,2-3
CCOc1ccc(Cc2cc(C34OCC(CO)(O3)C(O)C(O)C4O)ccc2Cl)cc1,3.713692910403078,2.5216684127124465,400-500,100-150,5-7,7-10,3-5,1-2
Cc1ccc(Nc2nc3ccc(N4CCN(C)CC4)cc3[nH]2)nc1,3.748552245498174,3.92422525425521,300-400,50-75,3-5,5-7,1-3,2-3
COP(=S)(OC)Oc1ccc([N+](=O)[O-])cc1,2.306935517373578,3.613714458122686,200-300,50-75,5-7,5-7,<1,2-3
CC(O)=Nc1nc(C)c(-c2cc3c(c(NS(C)(=O)=O)c2)C(=O)N([C@@H](C)C2CC2)C3)s1,1.6310656907232928,2.267022161991698,400-500,100-150,5-7,5-7,1-3,3-4
CCOC(=O)C1=C(NC(=C(C1C2=CC(=CC=C2)[N+](=O)[O-])C(=O)OC)C)C,2.712804591733363,3.456622659303656,300-400,100-150,5-7,7-10,1-3,2-3
CNC(=NC#N)NCCSCc1nc[nH]c1C,2.349124274387113,2.6994482165547997,200-300,75-100,5-7,3-5,3-5,0-1
Cc1c(O)ccc2c1CCN(CC(C)C)C2c1ccc(C=CC(=O)O)cc1,2.6725957201446193,3.1738240641526563,300-400,50-75,5-7,3-5,1-3,>=4
O=C(NCCN1CCOCC1)c1ccc(Cl)cc1,3.493967352059912,2.155580485727476,200-300,<50,3-5,3-5,1-3,1-2
C=CC(O)=Nc1cc(Nc2ncc(Cl)c(-c3cnn4ccccc34)n2)c(OC)cc1N(C)CCN(C)C,3.149417219575851,3.600600000727901,500-600,100-150,>=10,7-10,1-3,>=4
CC(C1=CC(=C(C=C1)C2=CC=CC=C2)F)C(=O)O,3.4162286402140465,2.779635212312483,200-300,<50,3-5,1-3,1-3,3-4
CC#Cc1cc(C)nc(Nc2ccccc2)n1,3.738361477345061,3.484318607371102,200-300,<50,<3,3-5,1-3,2-3
CCOC1=NC(=NC(=N1)NC(=O)NS(=O)(=O)C2=CC=CC=C2C(=O)OC)NC,2.217053000313641,1.3205016404694867,400-500,>=150,7-10,>=10,3-5,0-1
CCCCC1(C(=O)NC(=O)NC1=O)CC,1.1851506490363974,1.7637320105478933,200-300,75-100,3-5,3-5,1-3,0-1
CCN(CC)CC(=O)NC1=C(C=CC=C1C)C,2.661068157443652,2.630394674066566,200-300,<50,5-7,1-3,1-3,2-3
Cc1ccc(N(C)C)cc1,3.5570308933611643,3.9675113343411903,<200,<50,<3,1-3,<1,2-3
CC(Oc1cccc2ncnc(Nc3ccc4c(cnn4Cc4nccs4)c3)c12)C(=O)N1CCOCC1,3.737834668908778,4.44220292070873,500-600,100-150,7-10,>=10,1-3,3-4
O=C(O)c1cccc(N(Cc2cccnc2)c2ccc(OC(F)F)c(OC(F)F)c2)c1,2.8773943138283093,3.023623034903082,400-500,50-75,7-10,5-7,1-3,>=4
CC(C)(C)CC(C)(C)c1ccc(O)c(-n2nc3ccccc3n2)c1,3.9228289661086437,2.7685205208186097,300-400,50-75,3-5,3-5,1-3,>=4
CC(C)CN1C(C)Cc2cc(O)ccc2C1(C)c1ccc(C=CC(=O)O)cc1,3.588237762527843,3.8458276458247784,300-400,50-75,5-7,3-5,1-3,>=4
CNS(=O)(=O)c1cc(-c2sc(NC(C)=O)nc2C)cc2c1C(=O)N(C(C)C1CC1)C2,1.729183580573155,0.8207265198063667,400-500,100-150,5-7,5-7,1-3,2-3
CCN1C=C(C(=O)C2=C1N=C(C=C2)C)C(=O)O,2.4642203076116895,1.3346668003452398,200-300,50-75,<3,3-5,1-3,1-2
COc1cc(CCC(=O)CC(=O)CCc2ccc(O)c(OC)c2)ccc1O,5.048985038330355,6.089416461728909,300-400,75-100,>=10,5-7,1-3,3-4
CCC(=NOCC=CCl)C1C(=O)CC(C2CCOCC2)CC1=O,2.386521142680118,2.2534852543804322,300-400,50-75,5-7,5-7,<1,3-4
CC(C)C(=O)NC1=CC(=C(C=C1)[N+](=O)[O-])C(F)(F)F,2.6742084360532132,4.360494395961876,200-300,50-75,3-5,3-5,1-3,3-4
OCCN1CCN(CCCN2c3ccccc3Sc3ccc(C(F)(F)F)cc32)CC1,3.5474964588590407,2.986957674107695,400-500,<50,5-7,5-7,1-3,>=4
CN1C(=O)CN=C(C2=C1C=CC(=C2)Cl)C3=CC=CC=C3,2.6611448929700114,1.8793304298993059,200-300,<50,<3,1-3,<1,3-4
CC1=C(C(=O)N(C(=O)N1)C(C)(C)C)Cl,3.139917615383564,1.9140729085721426,200-300,50-75,<3,3-5,1-3,1-2
CC1(CCC(=CC2=CC=C(C=C2)Cl)C1(CN3C=NC=N3)O)C,2.2957549879159336,2.8073540561648045,300-400,50-75,3-5,3-5,1-3,3-4
CC1(OC2=C(O1)C(=CC=C2)OC(=O)NC)C,3.250051055087838,4.02730581590257,200-300,50-75,<3,3-5,1-3,1-2
CC(C)c1cccc(C(C)C)c1N1C(=O)c2ccc(O)cc2C1=O,3.8413909851055172,4.792330848733125,300-400,50-75,3-5,3-5,1-3,>=4
CCOC(=O)C1=CC=C(C=C1)O,5.439296030072734,4.987951497816011,<200,<50,<3,3-5,1-3,1-2
CN(C)c1nc(=O)n(C2CCCCC2)c(=O)n1C,2.570682959193309,2.8439957281910964,200-300,50-75,<3,5-7,<1,0-1
C1C2=CC=CC=C2C3=CC=CC=C31,3.097659741973947,3.4574247103249465,<200,<50,<3,<1,<1,3-4
COC(=O)C=C(C)OP(=O)(OC)OC,1.6774627473597252,2.5617295641011073,200-300,50-75,5-7,5-7,<1,1-2
CC(=O)Nc1ccc(O)cc1,4.9308359107591375,0.649946912270624,<200,<50,<3,1-3,1-3,1-2
CC1COC(O1)(CN2C=NC=N2)C3=C(C=C(C=C3)OC4=CC=C(C=C4)Cl)Cl,3.6119386999246705,4.367618078184806,400-500,50-75,5-7,5-7,<1,>=4
COP(=S)(OC)SCN1C(=O)C2=CC=CC=C2C1=O,3.948691196793996,4.120746704603301,300-400,50-75,5-7,5-7,<1,2-3
Cc1cc(C)nc(NC(=O)NS(=O)(=O)c2ccccc2C(=O)OC2COC2)n1,2.4720063331231463,2.1866286493522855,400-500,100-150,5-7,7-10,1-3,1-2
CCc1cccc2cc(C(O)CNC(C)(C)C)oc12,2.1274482186930808,3.7184368000437407,200-300,<50,3-5,3-5,1-3,3-4
N=C1C=NN(c2ccccc2)C(=O)C1Cl,2.6010885498258753,1.7510043648317168,200-300,50-75,<3,3-5,1-3,1-2
C1=C(C=C(C(=C1Cl)N2C(=C(C(=N2)C#N)S(=O)C(F)(F)F)N)Cl)C(F)(F)F,1.984078318642674,1.4991894926346008,400-500,75-100,<3,5-7,1-3,>=4
C1CN(C(=N1)N[N+](=O)[O-])CC2=CN=C(C=C2)Cl,2.5508071880111736,2.0970174392014087,200-300,75-100,3-5,5-7,1-3,0-1
C=CC(O)=Nc1cc(Nc2ncc(C)c(-c3cn(C)c4ccccc34)n2)c(OC)cc1N(C)CCN(C)C,3.3674408093414656,2.7244535934877994,500-600,75-100,>=10,7-10,1-3,>=4
CCOP(=S)(OCC)OC1=NC(=NC(=C1)C)C(C)C,4.0963731617653565,4.364386330371385,300-400,50-75,7-10,5-7,<1,3-4
C(CNCCN)N,3.775423829537341,1.8076710230351156,<200,50-75,3-5,3-5,3-5,<0
C[C@]12CC[C@H]3C(=CCC4=C3C=CC(=C4)O)[C@@H]1CCC2=O,3.8777081137935787,3.249656482282344,200-300,<50,<3,1-3,1-3,3-4
CC(C)(C)C1=C(C=CC(=C1)OC)O,4.1404911914097005,2.9424769503830155,<200,<50,<3,1-3,1-3,2-3
CC(C)C1=CC(=CC=C1)O,4.4362026988193355,3.944133307106349,<200,<50,<3,1-3,1-3,2-3
CC[C@@]12CCCN3[C@@H]1C4=C(CC3)C5=CC=CC=C5N4C(=C2)C(=O)OCC,3.065990282754747,0.0023786338062618405,300-400,<50,3-5,3-5,<1,>=4
CCN(CC)C1=NC(=CC(=N1)OP(=S)(OC)OC)C,3.2540333205125234,4.847737547758402,300-400,50-75,7-10,7-10,<1,2-3
CN1C(=O)CN=C(c2ccccc2)c2cc(Cl)ccc21,1.868895209643505,1.8793304298993059,200-300,<50,<3,1-3,<1,3-4
